heuristic_id,count,mean,std,min,25%,50%,75%,max
0,35577.0,-0.005900949230802697,0.03601636887914729,-0.6931471805599453,0.0,0.0,0.0,0.0
1,35776.0,-0.006173950067560786,0.03752588185207081,-0.916290731874155,0.0,0.0,0.0,0.0
2,36855.0,0.016254179014871997,0.05033207005835274,-0.587786664902119,0.0,0.0,0.0,0.22314355131420976
3,33398.0,0.06799888342689733,0.1160491865490524,-0.4700036292457356,0.0,0.0,0.09531017980432493,0.8472978603872037
4,30516.0,0.16730152495078027,0.13656798717119092,-0.006578971098042511,0.05715841383994862,0.13353139262452257,0.1823215567939546,1.0986122886681098
5,32698.0,0.06663282524338784,0.10856209362181057,-0.5596157879354228,0.0,0.0,0.11778303565638346,0.6931471805599453
6,27139.0,2.330319998354107,0.6670092097942076,-0.03509131981127006,1.6854238194120224,2.473733349189875,2.785011242238338,4.356708826689592
7,63075.0,-0.008966254894109453,0.050254390764326154,-1.0986122886681098,0.0,0.0,0.0,0.0
8,36259.0,-0.00012072102678449012,0.0032291513173863073,-0.3364722366212129,0.0,0.0,0.0,0.0
9,34320.0,0.04929411647951245,0.2194659739155578,-0.05406722127027582,0.0,0.0,0.0,1.552685095841651
10,34387.0,0.05040869245435227,0.2245150325575886,-0.13133600206108698,0.0,0.0,0.0,1.520404290063703
